# hostname;interval;timestamp;DEV;tps;rd_sec/s;wr_sec/s;avgrq-sz;avgqu-sz;await;svctm;%util
ip-10-234-134-85.us-west-1.compute.internal;60;1441141930;xvda;1.95;9.48;28.57;19.51;0.00;1.26;0.20;0.04
ip-10-234-134-85.us-west-1.compute.internal;60;1441141930;xvdb;1683.10;28082.13;24215.13;31.07;1.13;0.67;0.15;25.27
ip-10-234-134-85.us-west-1.compute.internal;60;1441141930;xvdc;1684.27;28467.33;24220.90;31.28;1.05;0.62;0.15;24.70
ip-10-234-134-85.us-west-1.compute.internal;60;1441141930;xvdd;1685.13;28134.67;24192.52;31.05;1.04;0.62;0.15;24.99
ip-10-234-134-85.us-west-1.compute.internal;60;1441141930;xvde;1679.43;28032.93;24131.60;31.06;1.12;0.67;0.15;25.10
ip-10-234-134-85.us-west-1.compute.internal;60;1441141930;md0;6709.98;112717.33;96760.15;31.22;0.00;0.00;0.00;0.00
ip-10-234-134-85.us-west-1.compute.internal;60;1441141990;xvda;0.85;0.00;16.63;19.57;0.00;1.24;0.16;0.01
ip-10-234-134-85.us-west-1.compute.internal;60;1441141990;xvdb;2200.27;61820.40;31812.72;42.56;2.17;0.99;0.15;32.68
ip-10-234-134-85.us-west-1.compute.internal;60;1441141990;xvdc;2202.17;62343.33;31766.67;42.74;2.16;0.98;0.14;31.76
ip-10-234-134-85.us-west-1.compute.internal;60;1441141990;xvdd;2194.75;61841.87;31755.82;42.65;1.99;0.91;0.15;31.93
ip-10-234-134-85.us-west-1.compute.internal;60;1441141990;xvde;2190.28;60990.67;31737.47;42.34;2.74;1.25;0.15;33.38
ip-10-234-134-85.us-west-1.compute.internal;60;1441141990;md0;8775.02;246996.27;127146.27;42.64;0.00;0.00;0.00;0.00
ip-10-234-134-85.us-west-1.compute.internal;60;1441142050;xvda;0.57;0.00;13.43;23.71;0.00;0.88;0.21;0.01
ip-10-234-134-85.us-west-1.compute.internal;60;1441142050;xvdb;3063.18;80849.60;46912.32;41.71;3.30;1.08;0.12;36.18
ip-10-234-134-85.us-west-1.compute.internal;60;1441142050;xvdc;3029.13;80585.07;46691.33;42.02;3.42;1.13;0.12;35.40
ip-10-234-134-85.us-west-1.compute.internal;60;1441142050;xvdd;3036.50;81302.27;46645.02;42.14;2.94;0.97;0.12;35.89
ip-10-234-134-85.us-west-1.compute.internal;60;1441142050;xvde;3062.30;81620.00;46852.93;41.95;4.86;1.59;0.12;37.42
ip-10-234-134-85.us-west-1.compute.internal;60;1441142050;md0;12170.15;324356.93;187028.00;42.02;0.00;0.00;0.00;0.00
ip-10-234-134-85.us-west-1.compute.internal;60;1441142110;xvda;1.62;20.67;16.57;23.03;0.00;1.08;0.13;0.02
ip-10-234-134-85.us-west-1.compute.internal;60;1441142110;xvdb;3067.80;78908.53;54250.28;43.41;3.61;1.18;0.11;33.31
ip-10-234-134-85.us-west-1.compute.internal;60;1441142110;xvdc;3082.50;79096.53;54498.13;43.34;3.98;1.29;0.11;32.40
ip-10-234-134-85.us-west-1.compute.internal;60;1441142110;xvdd;3075.85;78748.27;54478.33;43.31;3.42;1.11;0.11;32.56
ip-10-234-134-85.us-west-1.compute.internal;60;1441142110;xvde;3078.42;78981.73;54458.93;43.35;5.00;1.62;0.11;34.35
ip-10-234-134-85.us-west-1.compute.internal;60;1441142110;md0;12287.45;315734.80;217685.68;43.41;0.00;0.00;0.00;0.00
ip-10-234-134-85.us-west-1.compute.internal;60;1441142170;xvda;0.88;0.00;17.65;19.98;0.00;0.92;0.17;0.01
ip-10-234-134-85.us-west-1.compute.internal;60;1441142170;xvdb;1464.28;46000.80;3337.52;33.69;0.55;0.37;0.14;20.00
ip-10-234-134-85.us-west-1.compute.internal;60;1441142170;xvdc;1466.53;46109.60;3402.93;33.76;0.51;0.35;0.13;19.71
ip-10-234-134-85.us-west-1.compute.internal;60;1441142170;xvdd;1454.10;46082.00;3420.45;34.04;0.50;0.35;0.14;19.84
ip-10-234-134-85.us-west-1.compute.internal;60;1441142170;xvde;1455.13;46125.33;3382.55;34.02;0.81;0.56;0.14;20.66
ip-10-234-134-85.us-west-1.compute.internal;60;1441142170;md0;5835.97;184318.00;13543.45;33.90;0.00;0.00;0.00;0.00
ip-10-234-134-85.us-west-1.compute.internal;60;1441142230;xvda;0.50;0.00;12.95;25.90;0.00;1.10;0.23;0.01
ip-10-234-134-85.us-west-1.compute.internal;60;1441142230;xvdb;1612.77;25059.20;23.63;15.55;0.21;0.13;0.13;20.28
ip-10-234-134-85.us-west-1.compute.internal;60;1441142230;xvdc;1608.17;24980.40;22.80;15.55;0.20;0.13;0.12;20.05
ip-10-234-134-85.us-west-1.compute.internal;60;1441142230;xvdd;1606.90;24947.33;29.33;15.54;0.21;0.13;0.13;20.31
ip-10-234-134-85.us-west-1.compute.internal;60;1441142230;xvde;1618.68;25068.13;30.42;15.51;0.22;0.13;0.13;21.38
ip-10-234-134-85.us-west-1.compute.internal;60;1441142230;md0;6446.35;100055.07;106.18;15.54;0.00;0.00;0.00;0.00
ip-10-234-134-85.us-west-1.compute.internal;60;1441142290;xvda;0.52;0.00;13.13;25.42;0.00;1.00;0.26;0.01
ip-10-234-134-85.us-west-1.compute.internal;60;1441142290;xvdb;1701.88;35297.73;544.27;21.06;0.38;0.22;0.13;22.81
ip-10-234-134-85.us-west-1.compute.internal;60;1441142290;xvdc;1710.85;35522.93;566.27;21.09;0.39;0.23;0.14;23.25
ip-10-234-134-85.us-west-1.compute.internal;60;1441142290;xvdd;1708.03;35453.20;560.40;21.08;0.43;0.25;0.14;24.47
ip-10-234-134-85.us-west-1.compute.internal;60;1441142290;xvde;1694.38;34768.53;565.73;20.85;0.40;0.24;0.14;23.93
ip-10-234-134-85.us-west-1.compute.internal;60;1441142290;md0;6817.62;141042.40;2236.67;21.02;0.00;0.00;0.00;0.00
ip-10-234-134-85.us-west-1.compute.internal;60;1441142350;xvda;0.80;9.20;14.43;29.54;0.00;0.85;0.27;0.02
ip-10-234-134-85.us-west-1.compute.internal;60;1441142350;xvdb;934.05;145606.00;280.80;156.19;1.83;1.96;0.27;24.93
ip-10-234-134-85.us-west-1.compute.internal;60;1441142350;xvdc;942.33;145597.33;271.73;154.80;1.85;1.96;0.27;25.02
ip-10-234-134-85.us-west-1.compute.internal;60;1441142350;xvdd;937.58;145717.20;279.33;155.72;1.86;1.98;0.27;25.29
ip-10-234-134-85.us-west-1.compute.internal;60;1441142350;xvde;934.15;145650.67;285.47;156.22;1.87;2.01;0.27;25.41
ip-10-234-134-85.us-west-1.compute.internal;60;1441142350;md0;3770.15;582570.93;1117.33;154.82;0.00;0.00;0.00;0.00
ip-10-234-134-85.us-west-1.compute.internal;60;1441142410;xvda;1.88;40.13;16.63;30.14;0.00;0.81;0.37;0.07
ip-10-234-134-85.us-west-1.compute.internal;60;1441142410;xvdb;624.40;36300.53;5.33;58.15;0.55;0.87;0.10;6.30
ip-10-234-134-85.us-west-1.compute.internal;60;1441142410;xvdc;625.43;36332.93;1.07;58.09;0.54;0.87;0.10;6.25
ip-10-234-134-85.us-west-1.compute.internal;60;1441142410;xvdd;629.17;36432.67;0.67;57.91;0.55;0.87;0.10;6.24
ip-10-234-134-85.us-west-1.compute.internal;60;1441142410;xvde;631.77;36325.73;5.88;57.51;0.56;0.88;0.10;6.33
ip-10-234-134-85.us-west-1.compute.internal;60;1441142410;md0;2510.65;145391.87;12.95;57.92;0.00;0.00;0.00;0.00
ip-10-234-134-85.us-west-1.compute.internal;60;1441142470;xvda;3.00;181.20;16.60;65.93;0.00;1.03;0.56;0.17
ip-10-234-134-85.us-west-1.compute.internal;60;1441142470;xvdb;1968.70;103455.73;6.57;52.55;1.73;0.88;0.09;17.34
ip-10-234-134-85.us-west-1.compute.internal;60;1441142470;xvdc;1955.70;103207.87;2.00;52.77;1.74;0.89;0.09;17.35
ip-10-234-134-85.us-west-1.compute.internal;60;1441142470;xvdd;1966.13;103396.93;1.73;52.59;1.75;0.89;0.09;17.73
ip-10-234-134-85.us-west-1.compute.internal;60;1441142470;xvde;1968.67;103362.53;2.68;52.51;1.73;0.88;0.09;17.70
ip-10-234-134-85.us-west-1.compute.internal;60;1441142470;md0;7869.35;413423.07;12.98;52.54;0.00;0.00;0.00;0.00
ip-10-234-134-85.us-west-1.compute.internal;60;1441142530;xvda;0.63;0.40;14.35;23.29;0.00;1.00;0.24;0.01
ip-10-234-134-85.us-west-1.compute.internal;60;1441142530;xvdb;1338.87;86680.80;5.60;64.75;1.24;0.93;0.11;15.16
ip-10-234-134-85.us-west-1.compute.internal;60;1441142530;xvdc;1341.52;86525.33;1.60;64.50;1.32;0.98;0.12;15.92
ip-10-234-134-85.us-west-1.compute.internal;60;1441142530;xvdd;1344.45;86791.60;1.20;64.56;1.24;0.92;0.11;15.24
ip-10-234-134-85.us-west-1.compute.internal;60;1441142530;xvde;1345.50;86722.80;2.27;64.46;1.22;0.91;0.11;15.25
ip-10-234-134-85.us-west-1.compute.internal;60;1441142530;md0;5387.30;346720.53;10.67;64.36;0.00;0.00;0.00;0.00
ip-10-234-134-85.us-west-1.compute.internal;60;1441142590;xvda;0.57;0.00;13.40;23.65;0.00;0.88;0.18;0.01
ip-10-234-134-85.us-west-1.compute.internal;60;1441142590;xvdb;1964.28;114547.73;2.13;58.32;1.94;0.99;0.10;19.81
ip-10-234-134-85.us-west-1.compute.internal;60;1441142590;xvdc;1947.47;114676.93;7.73;58.89;1.87;0.96;0.10;19.54
ip-10-234-134-85.us-west-1.compute.internal;60;1441142590;xvdd;1949.85;114582.40;0.40;58.76;1.84;0.94;0.10;19.23
ip-10-234-134-85.us-west-1.compute.internal;60;1441142590;xvde;1943.52;114731.33;3.07;59.03;1.82;0.94;0.10;18.79
ip-10-234-134-85.us-west-1.compute.internal;60;1441142590;md0;7827.27;458538.40;13.33;58.58;0.00;0.00;0.00;0.00
ip-10-234-134-85.us-west-1.compute.internal;60;1441142650;xvda;0.60;1.07;13.38;24.08;0.00;0.94;0.25;0.01
ip-10-234-134-85.us-west-1.compute.internal;60;1441142650;xvdb;1343.07;130906.53;1.60;97.47;1.40;1.04;0.16;21.71
ip-10-234-134-85.us-west-1.compute.internal;60;1441142650;xvdc;1369.08;130782.00;7.33;95.53;1.40;1.02;0.16;21.53
ip-10-234-134-85.us-west-1.compute.internal;60;1441142650;xvdd;1371.92;130808.67;0.67;95.35;1.39;1.01;0.16;21.64
ip-10-234-134-85.us-west-1.compute.internal;60;1441142650;xvde;1369.87;130700.00;0.27;95.41;1.39;1.01;0.16;21.33
ip-10-234-134-85.us-west-1.compute.internal;60;1441142650;md0;5478.38;523197.20;9.87;95.50;0.00;0.00;0.00;0.00
ip-10-234-134-85.us-west-1.compute.internal;60;1441142710;xvda;0.62;0.00;13.63;22.11;0.00;0.95;0.16;0.01
ip-10-234-134-85.us-west-1.compute.internal;60;1441142710;xvdb;885.65;148570.27;0.53;167.75;1.03;1.16;0.27;23.91
ip-10-234-134-85.us-west-1.compute.internal;60;1441142710;xvdc;878.85;148502.93;4.80;168.98;1.02;1.16;0.28;24.27
ip-10-234-134-85.us-west-1.compute.internal;60;1441142710;xvdd;883.80;148637.33;2.00;168.18;1.01;1.14;0.27;24.08
ip-10-234-134-85.us-west-1.compute.internal;60;1441142710;xvde;879.18;148625.47;1.33;169.05;1.01;1.15;0.27;23.76
ip-10-234-134-85.us-west-1.compute.internal;60;1441142710;md0;3547.48;594403.07;8.67;167.56;0.00;0.00;0.00;0.00
ip-10-234-134-85.us-west-1.compute.internal;60;1441142770;xvda;1.53;21.20;14.63;23.37;0.00;1.16;0.17;0.03
ip-10-234-134-85.us-west-1.compute.internal;60;1441142770;xvdb;1192.62;138650.00;0.80;116.26;1.29;1.08;0.19;22.53
ip-10-234-134-85.us-west-1.compute.internal;60;1441142770;xvdc;1196.92;138485.47;0.80;115.70;1.31;1.09;0.19;22.83
ip-10-234-134-85.us-west-1.compute.internal;60;1441142770;xvdd;1183.85;138543.60;6.00;117.03;1.26;1.06;0.19;22.21
ip-10-234-134-85.us-west-1.compute.internal;60;1441142770;xvde;1209.93;138688.67;0.53;114.63;1.28;1.06;0.18;22.32
ip-10-234-134-85.us-west-1.compute.internal;60;1441142770;md0;4814.12;554335.87;8.13;115.15;0.00;0.00;0.00;0.00
ip-10-234-134-85.us-west-1.compute.internal;60;1441142830;xvda;1.00;14.00;13.33;27.33;0.00;0.88;0.23;0.02
ip-10-234-134-85.us-west-1.compute.internal;60;1441142830;xvdb;79.27;16953.60;785.33;223.79;0.15;1.94;0.36;2.84
ip-10-234-134-85.us-west-1.compute.internal;60;1441142830;xvdc;72.50;16954.53;786.13;244.70;0.14;2.00;0.39;2.84
ip-10-234-134-85.us-west-1.compute.internal;60;1441142830;xvdd;80.95;16960.40;791.07;219.29;0.15;1.87;0.35;2.84
ip-10-234-134-85.us-west-1.compute.internal;60;1441142830;xvde;72.52;16976.13;800.53;245.14;0.15;2.07;0.39;2.83
ip-10-234-134-85.us-west-1.compute.internal;60;1441142830;md0;305.75;67809.47;3163.07;232.13;0.00;0.00;0.00;0.00
ip-10-234-134-85.us-west-1.compute.internal;60;1441142890;xvda;2.52;53.07;14.07;26.68;0.00;0.88;0.26;0.07
ip-10-234-134-85.us-west-1.compute.internal;60;1441142890;xvdb;2814.62;90371.60;9.07;32.11;1.20;0.43;0.11;30.52
ip-10-234-134-85.us-west-1.compute.internal;60;1441142890;xvdc;2819.73;90841.87;4.27;32.22;1.21;0.43;0.11;31.03
ip-10-234-134-85.us-west-1.compute.internal;60;1441142890;xvdd;2826.80;90576.27;8.13;32.04;1.20;0.42;0.11;30.42
ip-10-234-134-85.us-west-1.compute.internal;60;1441142890;xvde;2799.37;90203.07;7.20;32.23;1.18;0.42;0.11;30.22
ip-10-234-134-85.us-west-1.compute.internal;60;1441142890;md0;11267.10;361995.73;28.67;32.13;0.00;0.00;0.00;0.00
ip-10-234-134-85.us-west-1.compute.internal;60;1441142950;xvda;0.72;0.00;15.37;21.44;0.00;0.91;0.16;0.01
ip-10-234-134-85.us-west-1.compute.internal;60;1441142950;xvdb;3442.68;111989.47;170.93;32.58;1.56;0.45;0.11;36.26
ip-10-234-134-85.us-west-1.compute.internal;60;1441142950;xvdc;3457.42;112344.13;172.80;32.54;1.59;0.46;0.11;37.20
ip-10-234-134-85.us-west-1.compute.internal;60;1441142950;xvdd;3473.45;113370.80;191.07;32.69;1.57;0.45;0.10;36.34
ip-10-234-134-85.us-west-1.compute.internal;60;1441142950;xvde;3456.05;112235.73;192.67;32.53;1.55;0.45;0.10;36.19
ip-10-234-134-85.us-west-1.compute.internal;60;1441142950;md0;13840.67;449940.40;727.47;32.56;0.00;0.00;0.00;0.00
ip-10-234-134-85.us-west-1.compute.internal;60;1441143010;xvda;1.62;21.33;14.52;22.18;0.00;0.80;0.31;0.05
ip-10-234-134-85.us-west-1.compute.internal;60;1441143010;xvdb;2498.07;84154.67;0.00;33.69;1.11;0.44;0.13;32.36
ip-10-234-134-85.us-west-1.compute.internal;60;1441143010;xvdc;2484.87;83131.47;0.53;33.46;1.10;0.44;0.13;33.50
ip-10-234-134-85.us-west-1.compute.internal;60;1441143010;xvdd;2458.57;82401.07;1.37;33.52;1.07;0.44;0.13;32.30
ip-10-234-134-85.us-west-1.compute.internal;60;1441143010;xvde;2496.25;84031.47;9.87;33.67;1.09;0.44;0.13;32.48
ip-10-234-134-85.us-west-1.compute.internal;60;1441143010;md0;9943.12;333719.73;11.77;33.56;0.00;0.00;0.00;0.00
ip-10-234-134-85.us-west-1.compute.internal;60;1441143070;xvda;0.82;0.13;16.80;20.73;0.00;0.94;0.20;0.02
ip-10-234-134-85.us-west-1.compute.internal;60;1441143070;xvdb;1433.90;59393.73;4.42;41.42;0.62;0.43;0.15;22.13
ip-10-234-134-85.us-west-1.compute.internal;60;1441143070;xvdc;1436.10;59801.47;0.93;41.64;0.63;0.44;0.16;23.26
ip-10-234-134-85.us-west-1.compute.internal;60;1441143070;xvdd;1430.80;59759.33;0.53;41.77;0.60;0.42;0.16;22.29
ip-10-234-134-85.us-west-1.compute.internal;60;1441143070;xvde;1430.67;59319.07;5.08;41.47;0.61;0.43;0.16;22.24
ip-10-234-134-85.us-west-1.compute.internal;60;1441143070;md0;5738.18;238269.33;10.97;41.53;0.00;0.00;0.00;0.00
ip-10-234-134-85.us-west-1.compute.internal;60;1441143130;xvda;0.93;0.00;48.93;52.43;0.00;1.34;0.21;0.02
ip-10-234-134-85.us-west-1.compute.internal;60;1441143130;xvdb;93.57;11400.93;5.33;121.91;0.07;0.76;0.27;2.56
ip-10-234-134-85.us-west-1.compute.internal;60;1441143130;xvdc;97.08;11442.67;0.00;117.86;0.07;0.73;0.26;2.57
ip-10-234-134-85.us-west-1.compute.internal;60;1441143130;xvdd;94.82;11466.53;0.40;120.94;0.07;0.71;0.26;2.50
ip-10-234-134-85.us-west-1.compute.internal;60;1441143130;xvde;101.17;11387.87;1.20;112.58;0.08;0.75;0.25;2.56
ip-10-234-134-85.us-west-1.compute.internal;60;1441143130;md0;386.38;45698.00;6.93;118.29;0.00;0.00;0.00;0.00
ip-10-234-134-85.us-west-1.compute.internal;60;1441143190;xvda;0.62;3.33;13.62;27.49;0.00;0.84;0.22;0.01
ip-10-234-134-85.us-west-1.compute.internal;60;1441143190;xvdb;726.53;11268.00;5.33;15.52;0.13;0.18;0.15;10.95
ip-10-234-134-85.us-west-1.compute.internal;60;1441143190;xvdc;723.05;11163.60;0.00;15.44;0.13;0.18;0.16;11.27
ip-10-234-134-85.us-west-1.compute.internal;60;1441143190;xvdd;711.92;11041.73;0.13;15.51;0.13;0.18;0.15;10.78
ip-10-234-134-85.us-west-1.compute.internal;60;1441143190;xvde;704.23;10847.47;1.07;15.40;0.13;0.18;0.15;10.75
ip-10-234-134-85.us-west-1.compute.internal;60;1441143190;md0;2865.45;44320.80;6.53;15.47;0.00;0.00;0.00;0.00
ip-10-234-134-85.us-west-1.compute.internal;60;1441143250;xvda;0.67;8.27;13.82;33.12;0.00;0.97;0.33;0.02
ip-10-234-134-85.us-west-1.compute.internal;60;1441143250;xvdb;703.93;63679.73;2.13;90.47;0.49;0.70;0.19;13.71
ip-10-234-134-85.us-west-1.compute.internal;60;1441143250;xvdc;699.57;63610.13;4.27;90.93;0.48;0.69;0.20;13.86
ip-10-234-134-85.us-west-1.compute.internal;60;1441143250;xvdd;716.33;63554.67;0.40;88.72;0.49;0.68;0.19;13.39
ip-10-234-134-85.us-west-1.compute.internal;60;1441143250;xvde;706.23;63521.73;1.20;89.95;0.50;0.71;0.20;14.01
ip-10-234-134-85.us-west-1.compute.internal;60;1441143250;md0;2827.85;254366.27;8.00;89.95;0.00;0.00;0.00;0.00
ip-10-234-134-85.us-west-1.compute.internal;60;1441143310;xvda;1.07;0.40;18.43;17.66;0.00;1.28;0.14;0.01
ip-10-234-134-85.us-west-1.compute.internal;60;1441143310;xvdb;803.55;58970.53;183.47;73.62;0.55;0.69;0.15;12.15
ip-10-234-134-85.us-west-1.compute.internal;60;1441143310;xvdc;785.08;59106.80;194.40;75.53;0.54;0.68;0.16;12.39
ip-10-234-134-85.us-west-1.compute.internal;60;1441143310;xvdd;794.40;59021.47;205.90;74.56;0.51;0.65;0.15;11.67
ip-10-234-134-85.us-west-1.compute.internal;60;1441143310;xvde;790.97;58901.73;199.87;74.72;0.54;0.68;0.15;12.16
ip-10-234-134-85.us-west-1.compute.internal;60;1441143310;md0;3174.08;236000.53;783.63;74.60;0.00;0.00;0.00;0.00
ip-10-234-134-85.us-west-1.compute.internal;60;1441143370;xvda;0.72;1.07;15.12;22.58;0.00;0.84;0.19;0.01
ip-10-234-134-85.us-west-1.compute.internal;60;1441143370;xvdb;1317.70;80458.40;0.00;61.06;0.99;0.75;0.11;14.84
ip-10-234-134-85.us-west-1.compute.internal;60;1441143370;xvdc;1313.52;80380.67;7.47;61.20;0.99;0.75;0.12;15.13
ip-10-234-134-85.us-west-1.compute.internal;60;1441143370;xvdd;1321.98;80493.60;0.13;60.89;0.96;0.73;0.11;14.60
ip-10-234-134-85.us-west-1.compute.internal;60;1441143370;xvde;1315.68;80372.80;0.53;61.09;0.98;0.75;0.12;15.14
ip-10-234-134-85.us-west-1.compute.internal;60;1441143370;md0;5272.70;321705.47;8.13;61.01;0.00;0.00;0.00;0.00
ip-10-234-134-85.us-west-1.compute.internal;60;1441143430;xvda;0.58;3.20;13.78;29.11;0.00;0.89;0.26;0.01
ip-10-234-134-85.us-west-1.compute.internal;60;1441143430;xvdb;489.57;50251.47;0.00;102.64;0.35;0.71;0.23;11.33
ip-10-234-134-85.us-west-1.compute.internal;60;1441143430;xvdc;467.20;50089.20;0.00;107.21;0.33;0.71;0.24;11.36
ip-10-234-134-85.us-west-1.compute.internal;60;1441143430;xvdd;475.23;50147.73;5.47;105.53;0.32;0.67;0.23;10.89
ip-10-234-134-85.us-west-1.compute.internal;60;1441143430;xvde;476.92;50182.93;0.53;105.22;0.34;0.70;0.24;11.22
ip-10-234-134-85.us-west-1.compute.internal;60;1441143430;md0;1909.08;200671.33;6.00;105.12;0.00;0.00;0.00;0.00
ip-10-234-134-85.us-west-1.compute.internal;60;1441143490;xvda;1.40;21.60;12.25;24.18;0.00;1.40;0.17;0.02
ip-10-234-134-85.us-west-1.compute.internal;60;1441143490;xvdb;690.38;51028.67;0.00;73.91;0.42;0.61;0.18;12.61
ip-10-234-134-85.us-west-1.compute.internal;60;1441143490;xvdc;692.12;50982.00;0.00;73.66;0.43;0.63;0.19;13.00
ip-10-234-134-85.us-west-1.compute.internal;60;1441143490;xvdd;684.73;50993.73;5.47;74.48;0.40;0.59;0.19;12.67
ip-10-234-134-85.us-west-1.compute.internal;60;1441143490;xvde;692.50;51070.93;0.53;73.75;0.41;0.59;0.18;12.81
ip-10-234-134-85.us-west-1.compute.internal;60;1441143490;md0;2760.48;204075.33;6.00;73.93;0.00;0.00;0.00;0.00
ip-10-234-134-85.us-west-1.compute.internal;60;1441143550;xvda;0.57;0.00;13.67;24.12;0.00;0.88;0.18;0.01
ip-10-234-134-85.us-west-1.compute.internal;60;1441143550;xvdb;967.40;62102.00;0.00;64.19;0.60;0.62;0.14;13.53
ip-10-234-134-85.us-west-1.compute.internal;60;1441143550;xvdc;983.43;61924.40;0.00;62.97;0.63;0.64;0.14;13.80
ip-10-234-134-85.us-west-1.compute.internal;60;1441143550;xvdd;971.97;61956.67;5.47;63.75;0.58;0.60;0.14;13.43
ip-10-234-134-85.us-west-1.compute.internal;60;1441143550;xvde;988.70;62024.93;0.53;62.73;0.61;0.62;0.14;13.82
ip-10-234-134-85.us-west-1.compute.internal;60;1441143550;md0;3915.47;248008.00;6.00;63.34;0.00;0.00;0.00;0.00
ip-10-234-134-85.us-west-1.compute.internal;60;1441143610;xvda;2.22;40.40;14.98;24.98;0.00;0.83;0.32;0.07
ip-10-234-134-85.us-west-1.compute.internal;60;1441143610;xvdb;1377.80;137861.87;0.00;100.06;1.43;1.04;0.16;22.47
ip-10-234-134-85.us-west-1.compute.internal;60;1441143610;xvdc;1373.93;137666.00;0.00;100.20;1.44;1.05;0.16;22.58
ip-10-234-134-85.us-west-1.compute.internal;60;1441143610;xvdd;1356.60;138213.33;1.20;101.88;1.41;1.04;0.17;22.64
ip-10-234-134-85.us-west-1.compute.internal;60;1441143610;xvde;1378.28;138410.53;5.87;100.43;1.43;1.04;0.16;22.66
ip-10-234-134-85.us-west-1.compute.internal;60;1441143610;md0;5526.67;552151.73;7.07;99.91;0.00;0.00;0.00;0.00
ip-10-234-134-85.us-west-1.compute.internal;60;1441143670;xvda;2.10;43.20;16.40;28.38;0.00;0.87;0.24;0.05
ip-10-234-134-85.us-west-1.compute.internal;60;1441143670;xvdb;1357.30;88867.47;0.00;65.47;0.95;0.70;0.12;16.48
ip-10-234-134-85.us-west-1.compute.internal;60;1441143670;xvdc;1357.28;88797.60;0.53;65.42;0.96;0.71;0.12;16.30
ip-10-234-134-85.us-west-1.compute.internal;60;1441143670;xvdd;1370.90;88834.53;0.13;64.80;0.96;0.70;0.12;16.66
ip-10-234-134-85.us-west-1.compute.internal;60;1441143670;xvde;1366.83;88889.33;5.87;65.04;0.97;0.71;0.12;16.82
ip-10-234-134-85.us-west-1.compute.internal;60;1441143670;md0;5455.67;355389.20;6.53;65.14;0.00;0.00;0.00;0.00
ip-10-234-134-85.us-west-1.compute.internal;60;1441143730;xvda;0.68;0.00;15.42;22.56;0.00;0.76;0.17;0.01
ip-10-234-134-85.us-west-1.compute.internal;60;1441143730;xvdb;2726.15;43617.07;0.00;16.00;0.23;0.09;0.09;23.26
ip-10-234-134-85.us-west-1.compute.internal;60;1441143730;xvdc;2727.67;43641.33;0.00;16.00;0.23;0.08;0.08;23.03
ip-10-234-134-85.us-west-1.compute.internal;60;1441143730;xvdd;2727.42;43636.80;0.40;16.00;0.23;0.08;0.08;23.10
ip-10-234-134-85.us-west-1.compute.internal;60;1441143730;xvde;2726.35;43618.40;5.87;16.00;0.23;0.08;0.08;22.93
ip-10-234-134-85.us-west-1.compute.internal;60;1441143730;md0;10907.23;174513.60;6.27;16.00;0.00;0.00;0.00;0.00
ip-10-234-134-85.us-west-1.compute.internal;60;1441143790;xvda;0.58;0.00;14.60;25.03;0.00;0.77;0.20;0.01
ip-10-234-134-85.us-west-1.compute.internal;60;1441143790;xvdb;2600.05;41598.13;4.27;16.00;0.23;0.09;0.09;23.09
ip-10-234-134-85.us-west-1.compute.internal;60;1441143790;xvdc;2600.07;41599.73;0.00;16.00;0.23;0.09;0.09;22.90
ip-10-234-134-85.us-west-1.compute.internal;60;1441143790;xvdd;2600.32;41603.47;0.13;16.00;0.23;0.09;0.09;23.05
ip-10-234-134-85.us-west-1.compute.internal;60;1441143790;xvde;2599.85;41595.33;1.60;16.00;0.23;0.09;0.09;22.84
ip-10-234-134-85.us-west-1.compute.internal;60;1441143790;md0;10399.97;166396.93;6.00;16.00;0.00;0.00;0.00;0.00
ip-10-234-134-85.us-west-1.compute.internal;60;1441143850;xvda;0.63;3.73;13.13;26.63;0.00;0.87;0.21;0.01
ip-10-234-134-85.us-west-1.compute.internal;60;1441143850;xvdb;2444.80;45453.33;7.47;18.59;0.36;0.15;0.09;21.18
ip-10-234-134-85.us-west-1.compute.internal;60;1441143850;xvdc;2449.90;45535.20;0.00;18.59;0.36;0.15;0.09;20.99
ip-10-234-134-85.us-west-1.compute.internal;60;1441143850;xvdd;2448.20;45644.13;0.13;18.64;0.36;0.15;0.09;20.89
ip-10-234-134-85.us-west-1.compute.internal;60;1441143850;xvde;2439.47;45343.33;1.07;18.59;0.36;0.15;0.09;20.79
ip-10-234-134-85.us-west-1.compute.internal;60;1441143850;md0;9782.15;181975.73;8.67;18.60;0.00;0.00;0.00;0.00
ip-10-234-134-85.us-west-1.compute.internal;60;1441143910;xvda;0.73;0.13;15.65;21.52;0.00;1.02;0.18;0.01
ip-10-234-134-85.us-west-1.compute.internal;60;1441143910;xvdb;4390.92;131640.67;5.33;29.98;1.93;0.44;0.10;42.47
ip-10-234-134-85.us-west-1.compute.internal;60;1441143910;xvdc;4385.42;131300.80;1.60;29.94;1.87;0.43;0.09;40.83
ip-10-234-134-85.us-west-1.compute.internal;60;1441143910;xvdd;4399.83;131583.07;1.37;29.91;1.88;0.43;0.09;41.02
ip-10-234-134-85.us-west-1.compute.internal;60;1441143910;xvde;4392.05;131337.47;0.67;29.90;1.89;0.43;0.09;41.42
ip-10-234-134-85.us-west-1.compute.internal;60;1441143910;md0;17575.55;525866.00;8.97;29.92;0.00;0.00;0.00;0.00
ip-10-234-134-85.us-west-1.compute.internal;60;1441143970;xvda;0.80;3.60;15.55;23.94;0.00;0.85;0.19;0.01
ip-10-234-134-85.us-west-1.compute.internal;60;1441143970;xvdb;4154.37;123669.47;0.00;29.77;1.80;0.43;0.10;41.09
ip-10-234-134-85.us-west-1.compute.internal;60;1441143970;xvdc;4162.75;124011.07;5.33;29.79;1.77;0.43;0.10;40.18
ip-10-234-134-85.us-west-1.compute.internal;60;1441143970;xvdd;4173.48;123849.60;0.13;29.68;1.79;0.43;0.10;40.45
ip-10-234-134-85.us-west-1.compute.internal;60;1441143970;xvde;4161.55;123631.60;0.53;29.71;1.77;0.43;0.10;40.23
ip-10-234-134-85.us-west-1.compute.internal;60;1441143970;md0;16659.90;495157.73;6.00;29.72;0.00;0.00;0.00;0.00
ip-10-234-134-85.us-west-1.compute.internal;60;1441144030;xvda;4.25;240.80;14.55;60.08;0.00;0.89;0.50;0.21
ip-10-234-134-85.us-west-1.compute.internal;60;1441144030;xvdb;3739.33;109082.40;0.00;29.17;1.61;0.43;0.10;38.69
ip-10-234-134-85.us-west-1.compute.internal;60;1441144030;xvdc;3728.70;108750.67;6.40;29.17;1.59;0.43;0.10;37.38
ip-10-234-134-85.us-west-1.compute.internal;60;1441144030;xvdd;3756.53;109067.07;0.13;29.03;1.57;0.42;0.10;37.58
ip-10-234-134-85.us-west-1.compute.internal;60;1441144030;xvde;3752.70;109132.93;0.53;29.08;1.58;0.42;0.10;37.41
ip-10-234-134-85.us-west-1.compute.internal;60;1441144030;md0;14980.65;436032.80;7.07;29.11;0.00;0.00;0.00;0.00
ip-10-234-134-85.us-west-1.compute.internal;60;1441144090;xvda;0.67;0.00;15.02;22.52;0.00;0.85;0.18;0.01
ip-10-234-134-85.us-west-1.compute.internal;60;1441144090;xvdb;0.35;6.93;0.00;19.81;0.00;0.14;0.14;0.01
ip-10-234-134-85.us-west-1.compute.internal;60;1441144090;xvdc;0.53;18.67;5.33;45.00;0.00;0.28;0.22;0.01
ip-10-234-134-85.us-west-1.compute.internal;60;1441144090;xvdd;0.40;6.93;0.40;18.33;0.00;0.21;0.12;0.01
ip-10-234-134-85.us-west-1.compute.internal;60;1441144090;xvde;0.43;13.60;0.53;32.62;0.00;0.23;0.19;0.01
ip-10-234-134-85.us-west-1.compute.internal;60;1441144090;md0;1.38;46.13;6.27;37.88;0.00;0.00;0.00;0.00
ip-10-234-134-85.us-west-1.compute.internal;60;1441144150;xvda;3.20;103.87;22.17;39.39;0.00;0.92;0.49;0.16
ip-10-234-134-85.us-west-1.compute.internal;60;1441144150;xvdb;0.08;0.00;0.00;0.00;0.00;0.60;0.60;0.01
ip-10-234-134-85.us-west-1.compute.internal;60;1441144150;xvdc;0.08;0.00;0.00;0.00;0.00;0.60;0.60;0.01
ip-10-234-134-85.us-west-1.compute.internal;60;1441144150;xvdd;0.18;0.00;5.47;29.82;0.00;0.18;0.18;0.00
ip-10-234-134-85.us-west-1.compute.internal;60;1441144150;xvde;0.12;0.00;0.53;4.57;0.00;0.43;0.43;0.01
ip-10-234-134-85.us-west-1.compute.internal;60;1441144150;md0;0.13;0.00;6.00;45.00;0.00;0.00;0.00;0.00
ip-10-234-134-85.us-west-1.compute.internal;60;1441144210;xvda;1.30;6.13;17.63;18.28;0.00;1.04;0.23;0.03
ip-10-234-134-85.us-west-1.compute.internal;60;1441144210;xvdb;0.13;0.00;0.00;0.00;0.00;0.25;0.25;0.00
ip-10-234-134-85.us-west-1.compute.internal;60;1441144210;xvdc;0.17;0.00;0.53;3.20;0.00;0.20;0.20;0.00
ip-10-234-134-85.us-west-1.compute.internal;60;1441144210;xvdd;0.35;0.00;8.83;25.24;0.00;0.24;0.24;0.01
ip-10-234-134-85.us-west-1.compute.internal;60;1441144210;xvde;0.23;0.13;1.20;5.71;0.00;0.14;0.14;0.00
ip-10-234-134-85.us-west-1.compute.internal;60;1441144210;md0;0.45;0.13;10.57;23.78;0.00;0.00;0.00;0.00
ip-10-234-134-85.us-west-1.compute.internal;60;1441144270;xvda;0.90;1.47;16.30;19.74;0.00;0.81;0.19;0.02
ip-10-234-134-85.us-west-1.compute.internal;60;1441144270;xvdb;4.10;1007.20;0.00;245.66;0.01;1.24;0.41;0.17
ip-10-234-134-85.us-west-1.compute.internal;60;1441144270;xvdc;4.10;1006.93;0.53;245.72;0.00;1.15;0.38;0.16
ip-10-234-134-85.us-west-1.compute.internal;60;1441144270;xvdd;5.13;1010.67;4.40;197.74;0.01;1.16;0.35;0.18
ip-10-234-134-85.us-west-1.compute.internal;60;1441144270;xvde;4.15;1001.87;1.60;241.80;0.01;1.22;0.43;0.18
ip-10-234-134-85.us-west-1.compute.internal;60;1441144270;md0;17.10;4026.67;6.53;235.86;0.00;0.00;0.00;0.00
ip-10-234-134-85.us-west-1.compute.internal;60;1441144330;xvda;0.75;2.00;15.07;22.76;0.00;0.71;0.16;0.01
ip-10-234-134-85.us-west-1.compute.internal;60;1441144330;xvdb;1024.47;26046.67;0.00;25.42;0.48;0.47;0.06;6.59
ip-10-234-134-85.us-west-1.compute.internal;60;1441144330;xvdc;1034.50;26081.33;0.00;25.21;0.48;0.46;0.06;6.51
ip-10-234-134-85.us-west-1.compute.internal;60;1441144330;xvdd;1026.40;25875.73;0.40;25.21;0.46;0.45;0.06;6.45
ip-10-234-134-85.us-west-1.compute.internal;60;1441144330;xvde;1034.23;26202.40;5.87;25.34;0.46;0.45;0.06;6.45
ip-10-234-134-85.us-west-1.compute.internal;60;1441144330;md0;4123.62;104225.47;6.27;25.28;0.00;0.00;0.00;0.00
ip-10-234-134-85.us-west-1.compute.internal;60;1441144390;xvda;0.48;0.00;12.87;26.62;0.00;0.83;0.21;0.01
ip-10-234-134-85.us-west-1.compute.internal;60;1441144390;xvdb;3634.43;153894.40;0.00;42.34;2.57;0.71;0.08;27.61
ip-10-234-134-85.us-west-1.compute.internal;60;1441144390;xvdc;3637.30;153762.27;0.00;42.27;2.59;0.71;0.08;27.87
ip-10-234-134-85.us-west-1.compute.internal;60;1441144390;xvdd;3621.45;153747.33;0.13;42.45;2.56;0.71;0.08;27.64
ip-10-234-134-85.us-west-1.compute.internal;60;1441144390;xvde;3620.45;153787.07;5.87;42.48;2.55;0.70;0.08;27.49
ip-10-234-134-85.us-west-1.compute.internal;60;1441144390;md0;14559.68;615173.07;6.00;42.25;0.00;0.00;0.00;0.00
ip-10-234-134-85.us-west-1.compute.internal;60;1441144450;xvda;1.37;20.27;12.17;23.73;0.00;1.22;0.18;0.03
ip-10-234-134-85.us-west-1.compute.internal;60;1441144450;xvdb;2961.60;173314.53;0.00;58.52;2.54;0.86;0.10;30.11
ip-10-234-134-85.us-west-1.compute.internal;60;1441144450;xvdc;2964.98;173131.33;0.00;58.39;2.50;0.84;0.10;29.79
ip-10-234-134-85.us-west-1.compute.internal;60;1441144450;xvdd;2963.12;173021.47;0.13;58.39;2.50;0.84;0.10;29.65
ip-10-234-134-85.us-west-1.compute.internal;60;1441144450;xvde;2963.73;173108.80;5.87;58.41;2.53;0.85;0.10;30.19
ip-10-234-134-85.us-west-1.compute.internal;60;1441144450;md0;11943.93;692574.80;6.00;57.99;0.00;0.00;0.00;0.00
ip-10-234-134-85.us-west-1.compute.internal;60;1441144510;xvda;1.12;14.40;15.88;27.12;0.00;0.96;0.25;0.03
ip-10-234-134-85.us-west-1.compute.internal;60;1441144510;xvdb;2734.90;77722.67;7.47;28.42;0.97;0.35;0.09;23.48
ip-10-234-134-85.us-west-1.compute.internal;60;1441144510;xvdc;2735.55;77764.40;1.60;28.43;0.99;0.36;0.09;23.52
ip-10-234-134-85.us-west-1.compute.internal;60;1441144510;xvdd;2735.75;77743.47;1.37;28.42;0.96;0.35;0.09;23.26
ip-10-234-134-85.us-west-1.compute.internal;60;1441144510;xvde;2738.33;77975.73;1.20;28.48;0.98;0.36;0.09;23.84
ip-10-234-134-85.us-west-1.compute.internal;60;1441144510;md0;10957.15;311206.27;11.63;28.40;0.00;0.00;0.00;0.00
ip-10-234-134-85.us-west-1.compute.internal;60;1441144570;xvda;1.00;0.13;18.23;18.37;0.00;1.07;0.15;0.01
ip-10-234-134-85.us-west-1.compute.internal;60;1441144570;xvdb;505.30;116833.73;5.33;231.23;0.61;1.22;0.38;19.14
ip-10-234-134-85.us-west-1.compute.internal;60;1441144570;xvdc;479.82;116819.07;0.80;243.47;0.57;1.18;0.38;18.42
ip-10-234-134-85.us-west-1.compute.internal;60;1441144570;xvdd;497.28;116778.93;0.13;234.83;0.58;1.16;0.37;18.47
ip-10-234-134-85.us-west-1.compute.internal;60;1441144570;xvde;514.98;116810.93;0.53;226.83;0.61;1.19;0.37;19.18
ip-10-234-134-85.us-west-1.compute.internal;60;1441144570;md0;1997.02;467242.67;6.80;233.97;0.00;0.00;0.00;0.00
ip-10-234-134-85.us-west-1.compute.internal;60;1441144630;xvda;0.92;0.00;72.97;79.60;0.00;1.78;0.22;0.02
ip-10-234-134-85.us-west-1.compute.internal;60;1441144630;xvdb;4929.25;167059.87;4.27;33.89;3.01;0.61;0.08;37.33
ip-10-234-134-85.us-west-1.compute.internal;60;1441144630;xvdc;4942.30;167220.27;1.07;33.83;3.07;0.62;0.08;37.82
ip-10-234-134-85.us-west-1.compute.internal;60;1441144630;xvdd;4938.78;167353.33;0.40;33.89;3.03;0.61;0.08;37.90
ip-10-234-134-85.us-west-1.compute.internal;60;1441144630;xvde;4932.10;167412.93;0.53;33.94;3.02;0.61;0.08;38.79
ip-10-234-134-85.us-west-1.compute.internal;60;1441144630;md0;19763.12;669046.93;6.27;33.85;0.00;0.00;0.00;0.00
ip-10-234-134-85.us-west-1.compute.internal;60;1441144690;xvda;0.73;3.33;14.25;23.98;0.00;0.86;0.23;0.02
ip-10-234-134-85.us-west-1.compute.internal;60;1441144690;xvdb;3715.25;114389.60;0.00;30.79;1.73;0.47;0.09;34.86
ip-10-234-134-85.us-west-1.compute.internal;60;1441144690;xvdc;3712.23;113758.93;5.33;30.65;1.74;0.47;0.09;34.70
ip-10-234-134-85.us-west-1.compute.internal;60;1441144690;xvdd;3727.85;114059.33;0.13;30.60;1.69;0.45;0.09;34.48
ip-10-234-134-85.us-west-1.compute.internal;60;1441144690;xvde;3720.15;114040.53;1.07;30.66;1.72;0.46;0.10;35.87
ip-10-234-134-85.us-west-1.compute.internal;60;1441144690;md0;14895.15;456248.13;6.53;30.63;0.00;0.00;0.00;0.00
ip-10-234-134-85.us-west-1.compute.internal;60;1441144750;xvda;0.40;0.00;12.43;31.08;0.00;0.88;0.25;0.01
ip-10-234-134-85.us-west-1.compute.internal;60;1441144750;xvdb;3409.17;101820.53;0.00;29.87;1.39;0.41;0.10;33.33
ip-10-234-134-85.us-west-1.compute.internal;60;1441144750;xvdc;3410.18;101929.47;5.33;29.89;1.43;0.42;0.10;33.49
ip-10-234-134-85.us-west-1.compute.internal;60;1441144750;xvdd;3399.53;101704.93;0.13;29.92;1.37;0.40;0.10;34.15
ip-10-234-134-85.us-west-1.compute.internal;60;1441144750;xvde;3408.08;101860.80;0.53;29.89;1.40;0.41;0.10;34.25
ip-10-234-134-85.us-west-1.compute.internal;60;1441144750;md0;13646.57;407315.73;6.00;29.85;0.00;0.00;0.00;0.00
ip-10-234-134-85.us-west-1.compute.internal;60;1441144810;xvda;2.13;41.20;14.12;25.93;0.00;0.76;0.31;0.07
ip-10-234-134-85.us-west-1.compute.internal;60;1441144810;xvdb;3813.20;97055.73;0.00;25.45;1.54;0.40;0.09;33.07
ip-10-234-134-85.us-west-1.compute.internal;60;1441144810;xvdc;3801.00;96779.60;6.40;25.46;1.54;0.41;0.09;32.98
ip-10-234-134-85.us-west-1.compute.internal;60;1441144810;xvdd;3797.32;96648.80;2.43;25.45;1.50;0.40;0.09;33.09
ip-10-234-134-85.us-west-1.compute.internal;60;1441144810;xvde;3804.83;96561.47;0.67;25.38;1.54;0.40;0.09;33.77
ip-10-234-134-85.us-west-1.compute.internal;60;1441144810;md0;15222.10;387114.13;9.50;25.43;0.00;0.00;0.00;0.00
ip-10-234-134-85.us-west-1.compute.internal;60;1441144870;xvda;2.48;49.87;19.30;27.85;0.00;0.86;0.23;0.06
ip-10-234-134-85.us-west-1.compute.internal;60;1441144870;xvdb;934.92;135394.93;0.00;144.82;1.00;1.07;0.27;25.03
ip-10-234-134-85.us-west-1.compute.internal;60;1441144870;xvdc;924.22;135343.73;4.00;146.45;0.99;1.07;0.27;24.82
ip-10-234-134-85.us-west-1.compute.internal;60;1441144870;xvdd;933.43;135612.80;5.73;145.29;0.99;1.06;0.26;24.70
ip-10-234-134-85.us-west-1.compute.internal;60;1441144870;xvde;929.23;135394.53;1.07;145.71;1.01;1.08;0.27;24.88
ip-10-234-134-85.us-west-1.compute.internal;60;1441144870;md0;3731.78;541677.47;10.80;145.16;0.00;0.00;0.00;0.00
ip-10-234-134-85.us-west-1.compute.internal;60;1441144930;xvda;1.22;0.00;93.45;76.81;0.00;1.84;0.19;0.02
ip-10-234-134-85.us-west-1.compute.internal;60;1441144930;xvdb;1822.27;31096.80;0.55;17.07;0.30;0.17;0.13;24.13
ip-10-234-134-85.us-west-1.compute.internal;60;1441144930;xvdc;1829.58;31323.87;0.27;17.12;0.30;0.17;0.13;23.68
ip-10-234-134-85.us-west-1.compute.internal;60;1441144930;xvdd;1824.62;31064.67;5.73;17.03;0.31;0.17;0.13;24.07
ip-10-234-134-85.us-west-1.compute.internal;60;1441144930;xvde;1826.52;31050.00;0.53;17.00;0.30;0.17;0.13;24.20
ip-10-234-134-85.us-west-1.compute.internal;60;1441144930;md0;7303.17;124535.33;7.08;17.05;0.00;0.00;0.00;0.00
ip-10-234-134-85.us-west-1.compute.internal;60;1441144990;xvda;2.98;195.87;14.42;70.49;0.00;0.95;0.56;0.17
ip-10-234-134-85.us-west-1.compute.internal;60;1441144990;xvdb;1633.00;28513.73;0.27;17.46;0.31;0.19;0.14;23.42
ip-10-234-134-85.us-west-1.compute.internal;60;1441144990;xvdc;1633.82;28623.87;0.27;17.52;0.31;0.19;0.14;23.67
ip-10-234-134-85.us-west-1.compute.internal;60;1441144990;xvdd;1624.25;28417.60;5.47;17.50;0.31;0.19;0.15;23.65
ip-10-234-134-85.us-west-1.compute.internal;60;1441144990;xvde;1630.50;28478.13;0.80;17.47;0.31;0.19;0.14;23.49
ip-10-234-134-85.us-west-1.compute.internal;60;1441144990;md0;6521.63;114033.33;6.80;17.49;0.00;0.00;0.00;0.00
ip-10-234-134-85.us-west-1.compute.internal;60;1441145050;xvda;0.52;0.00;13.53;26.19;0.00;0.77;0.19;0.01
ip-10-234-134-85.us-west-1.compute.internal;60;1441145050;xvdb;1953.82;33118.93;1.33;16.95;0.27;0.14;0.12;23.66
ip-10-234-134-85.us-west-1.compute.internal;60;1441145050;xvdc;1937.63;32962.40;0.53;17.01;0.26;0.13;0.12;22.80
ip-10-234-134-85.us-west-1.compute.internal;60;1441145050;xvdd;1945.12;33136.93;1.20;17.04;0.26;0.14;0.12;22.83
ip-10-234-134-85.us-west-1.compute.internal;60;1441145050;xvde;1946.05;33065.60;7.20;16.99;0.26;0.14;0.12;22.86
ip-10-234-134-85.us-west-1.compute.internal;60;1441145050;md0;7782.97;132283.87;10.27;17.00;0.00;0.00;0.00;0.00
ip-10-234-134-85.us-west-1.compute.internal;60;1441145110;xvda;0.68;0.00;15.77;23.07;0.00;0.95;0.20;0.01
ip-10-234-134-85.us-west-1.compute.internal;60;1441145110;xvdb;1905.68;31241.60;0.53;16.39;0.26;0.14;0.12;23.73
ip-10-234-134-85.us-west-1.compute.internal;60;1441145110;xvdc;1909.70;31403.87;2.67;16.45;0.25;0.13;0.12;22.70
ip-10-234-134-85.us-west-1.compute.internal;60;1441145110;xvdd;1910.55;31346.00;3.50;16.41;0.25;0.13;0.12;22.66
ip-10-234-134-85.us-west-1.compute.internal;60;1441145110;xvde;1912.92;31280.13;8.93;16.36;0.25;0.13;0.12;22.46
ip-10-234-134-85.us-west-1.compute.internal;60;1441145110;md0;7637.82;125271.60;15.63;16.40;0.00;0.00;0.00;0.00
ip-10-234-134-85.us-west-1.compute.internal;60;1441145170;xvda;0.68;0.00;14.47;21.17;0.00;0.78;0.15;0.01
ip-10-234-134-85.us-west-1.compute.internal;60;1441145170;xvdb;1621.78;28546.00;1.07;17.60;0.32;0.20;0.15;24.11
ip-10-234-134-85.us-west-1.compute.internal;60;1441145170;xvdc;1627.90;28584.13;0.00;17.56;0.31;0.19;0.14;23.27
ip-10-234-134-85.us-west-1.compute.internal;60;1441145170;xvdd;1626.03;28619.20;0.13;17.60;0.31;0.19;0.14;23.09
ip-10-234-134-85.us-west-1.compute.internal;60;1441145170;xvde;1620.63;28524.27;4.80;17.60;0.31;0.19;0.14;23.18
ip-10-234-134-85.us-west-1.compute.internal;60;1441145170;md0;6496.45;114273.60;6.00;17.59;0.00;0.00;0.00;0.00
ip-10-234-134-85.us-west-1.compute.internal;60;1441145230;xvda;0.53;0.00;13.72;25.72;0.00;0.72;0.19;0.01
ip-10-234-134-85.us-west-1.compute.internal;60;1441145230;xvdb;553.52;10055.20;5.33;18.18;0.14;0.25;0.17;9.53
ip-10-234-134-85.us-west-1.compute.internal;60;1441145230;xvdc;551.15;9990.67;0.00;18.13;0.14;0.26;0.17;9.21
ip-10-234-134-85.us-west-1.compute.internal;60;1441145230;xvdd;564.72;10203.87;0.13;18.07;0.14;0.25;0.16;9.26
ip-10-234-134-85.us-west-1.compute.internal;60;1441145230;xvde;560.42;10195.47;0.53;18.19;0.14;0.24;0.16;9.23
ip-10-234-134-85.us-west-1.compute.internal;60;1441145230;md0;2229.52;40444.93;6.00;18.14;0.00;0.00;0.00;0.00
ip-10-234-134-85.us-west-1.compute.internal;60;1441145290;xvda;1.63;35.87;14.12;30.60;0.00;0.99;0.22;0.04
ip-10-234-134-85.us-west-1.compute.internal;60;1441145290;xvdb;208.32;4465.60;5.33;21.46;0.09;0.45;0.10;2.17
ip-10-234-134-85.us-west-1.compute.internal;60;1441145290;xvdc;206.80;4448.13;1.33;21.52;0.09;0.43;0.10;2.06
ip-10-234-134-85.us-west-1.compute.internal;60;1441145290;xvdd;205.47;4388.13;0.13;21.36;0.08;0.41;0.10;2.06
ip-10-234-134-85.us-west-1.compute.internal;60;1441145290;xvde;207.63;4482.53;0.53;21.59;0.09;0.43;0.10;2.04
ip-10-234-134-85.us-west-1.compute.internal;60;1441145290;md0;828.42;17784.40;7.33;21.48;0.00;0.00;0.00;0.00
ip-10-234-134-85.us-west-1.compute.internal;60;1441145350;xvda;0.57;0.00;13.45;23.74;0.00;0.79;0.18;0.01
ip-10-234-134-85.us-west-1.compute.internal;60;1441145350;xvdb;871.02;18736.00;5.33;21.52;0.42;0.48;0.06;5.50
ip-10-234-134-85.us-west-1.compute.internal;60;1441145350;xvdc;866.32;18673.47;0.00;21.56;0.43;0.50;0.06;5.33
ip-10-234-134-85.us-west-1.compute.internal;60;1441145350;xvdd;871.20;18732.53;0.40;21.50;0.39;0.45;0.06;5.09
ip-10-234-134-85.us-west-1.compute.internal;60;1441145350;xvde;872.40;18861.33;0.53;21.62;0.41;0.47;0.06;5.30
ip-10-234-134-85.us-west-1.compute.internal;60;1441145350;md0;3483.40;75003.33;6.27;21.53;0.00;0.00;0.00;0.00
ip-10-234-134-85.us-west-1.compute.internal;60;1441145410;xvda;0.80;2.27;15.02;21.60;0.00;0.90;0.25;0.02
ip-10-234-134-85.us-west-1.compute.internal;60;1441145410;xvdb;831.45;17547.60;0.27;21.11;0.38;0.46;0.06;5.34
ip-10-234-134-85.us-west-1.compute.internal;60;1441145410;xvdc;826.85;17533.60;8.80;21.22;0.38;0.46;0.06;5.23
ip-10-234-134-85.us-west-1.compute.internal;60;1441145410;xvdd;830.73;17567.73;1.90;21.15;0.36;0.43;0.06;4.96
ip-10-234-134-85.us-west-1.compute.internal;60;1441145410;xvde;827.35;17506.27;1.47;21.16;0.37;0.45;0.06;5.08
ip-10-234-134-85.us-west-1.compute.internal;60;1441145410;md0;3318.33;70155.20;12.43;21.15;0.00;0.00;0.00;0.00
ip-10-234-134-85.us-west-1.compute.internal;60;1441145470;xvda;0.77;0.00;16.67;21.74;0.00;0.74;0.15;0.01
ip-10-234-134-85.us-west-1.compute.internal;60;1441145470;xvdb;1066.28;25811.33;0.00;24.21;0.60;0.56;0.06;6.46
ip-10-234-134-85.us-west-1.compute.internal;60;1441145470;xvdc;1062.12;25709.60;5.33;24.21;0.60;0.56;0.06;6.27
ip-10-234-134-85.us-west-1.compute.internal;60;1441145470;xvdd;1064.25;25760.00;0.13;24.20;0.57;0.54;0.06;6.12
ip-10-234-134-85.us-west-1.compute.internal;60;1441145470;xvde;1066.20;25864.40;0.53;24.26;0.59;0.55;0.06;6.17
ip-10-234-134-85.us-west-1.compute.internal;60;1441145470;md0;4262.30;103145.33;6.00;24.20;0.00;0.00;0.00;0.00
ip-10-234-134-85.us-west-1.compute.internal;60;1441145530;xvda;0.57;0.00;14.12;24.91;0.00;0.82;0.18;0.01
ip-10-234-134-85.us-west-1.compute.internal;60;1441145530;xvdb;1057.05;25068.93;0.00;23.72;0.58;0.55;0.06;5.96
ip-10-234-134-85.us-west-1.compute.internal;60;1441145530;xvdc;1057.35;25022.67;4.27;23.67;0.61;0.57;0.06;6.07
ip-10-234-134-85.us-west-1.compute.internal;60;1441145530;xvdd;1057.02;25054.80;1.20;23.70;0.55;0.52;0.06;5.84
ip-10-234-134-85.us-west-1.compute.internal;60;1441145530;xvde;1055.80;25116.13;0.53;23.79;0.56;0.53;0.06;5.95
ip-10-234-134-85.us-west-1.compute.internal;60;1441145530;md0;4230.40;100262.53;6.00;23.70;0.00;0.00;0.00;0.00
ip-10-234-134-85.us-west-1.compute.internal;60;1441145590;xvda;0.43;0.00;12.48;28.81;0.00;0.81;0.19;0.01
ip-10-234-134-85.us-west-1.compute.internal;60;1441145590;xvdb;788.68;16362.53;0.00;20.75;0.36;0.45;0.06;5.11
ip-10-234-134-85.us-west-1.compute.internal;60;1441145590;xvdc;793.10;16505.33;0.00;20.81;0.36;0.46;0.06;5.14
ip-10-234-134-85.us-west-1.compute.internal;60;1441145590;xvdd;791.40;16495.07;5.47;20.85;0.33;0.42;0.06;4.91
ip-10-234-134-85.us-west-1.compute.internal;60;1441145590;xvde;787.70;16408.00;0.53;20.83;0.35;0.45;0.06;5.03
ip-10-234-134-85.us-west-1.compute.internal;60;1441145590;md0;3162.48;65770.93;6.00;20.80;0.00;0.00;0.00;0.00
ip-10-234-134-85.us-west-1.compute.internal;60;1441145650;xvda;0.43;0.00;12.32;28.42;0.00;0.77;0.15;0.01
ip-10-234-134-85.us-west-1.compute.internal;60;1441145650;xvdb;855.03;18897.60;0.00;22.10;0.44;0.51;0.07;5.63
ip-10-234-134-85.us-west-1.compute.internal;60;1441145650;xvdc;861.60;19098.93;0.00;22.17;0.46;0.53;0.07;5.62
ip-10-234-134-85.us-west-1.compute.internal;60;1441145650;xvdd;855.17;18955.20;5.47;22.17;0.43;0.50;0.06;5.52
ip-10-234-134-85.us-west-1.compute.internal;60;1441145650;xvde;858.65;18969.87;0.53;22.09;0.44;0.51;0.07;5.68
ip-10-234-134-85.us-west-1.compute.internal;60;1441145650;md0;3432.52;75921.60;6.00;22.12;0.00;0.00;0.00;0.00
ip-10-234-134-85.us-west-1.compute.internal;60;1441145710;xvda;0.62;0.00;14.32;23.22;0.00;0.86;0.16;0.01
ip-10-234-134-85.us-west-1.compute.internal;60;1441145710;xvdb;826.48;17626.67;0.00;21.33;0.41;0.50;0.06;4.86
ip-10-234-134-85.us-west-1.compute.internal;60;1441145710;xvdc;823.62;17489.73;0.00;21.24;0.42;0.51;0.06;4.91
ip-10-234-134-85.us-west-1.compute.internal;60;1441145710;xvdd;824.57;17568.27;5.47;21.31;0.39;0.47;0.06;4.70
ip-10-234-134-85.us-west-1.compute.internal;60;1441145710;xvde;825.22;17483.20;0.53;21.19;0.41;0.50;0.06;5.04
ip-10-234-134-85.us-west-1.compute.internal;60;1441145710;md0;3301.90;70167.87;6.00;21.25;0.00;0.00;0.00;0.00
ip-10-234-134-85.us-west-1.compute.internal;60;1441145770;xvda;0.65;0.00;14.30;22.00;0.00;0.69;0.13;0.01
ip-10-234-134-85.us-west-1.compute.internal;60;1441145770;xvdb;1176.10;28884.40;0.00;24.56;0.71;0.60;0.06;6.49
ip-10-234-134-85.us-west-1.compute.internal;60;1441145770;xvdc;1172.10;28764.13;0.00;24.54;0.72;0.62;0.06;6.58
ip-10-234-134-85.us-west-1.compute.internal;60;1441145770;xvdd;1174.78;28998.13;0.13;24.68;0.68;0.58;0.05;6.32
ip-10-234-134-85.us-west-1.compute.internal;60;1441145770;xvde;1175.85;28937.73;5.87;24.62;0.70;0.59;0.06;6.71
ip-10-234-134-85.us-west-1.compute.internal;60;1441145770;md0;4702.88;115584.40;6.00;24.58;0.00;0.00;0.00;0.00
ip-10-234-134-85.us-west-1.compute.internal;60;1441145830;xvda;0.72;6.27;15.02;29.70;0.00;0.67;0.23;0.02
ip-10-234-134-85.us-west-1.compute.internal;60;1441145830;xvdb;1085.07;24813.47;0.00;22.87;0.66;0.61;0.05;5.08
ip-10-234-134-85.us-west-1.compute.internal;60;1441145830;xvdc;1092.10;24877.87;0.00;22.78;0.72;0.66;0.05;5.33
ip-10-234-134-85.us-west-1.compute.internal;60;1441145830;xvdd;1089.13;24817.60;0.13;22.79;0.63;0.58;0.05;5.02
ip-10-234-134-85.us-west-1.compute.internal;60;1441145830;xvde;1088.05;24829.07;5.87;22.83;0.66;0.61;0.05;5.33
ip-10-234-134-85.us-west-1.compute.internal;60;1441145830;md0;4359.80;99338.00;6.00;22.79;0.00;0.00;0.00;0.00
ip-10-234-134-85.us-west-1.compute.internal;60;1441145890;xvda;0.55;5.47;12.93;33.45;0.00;0.58;0.21;0.01
ip-10-234-134-85.us-west-1.compute.internal;60;1441145890;xvdb;1594.15;50682.93;0.00;31.79;0.39;0.24;0.10;16.58
ip-10-234-134-85.us-west-1.compute.internal;60;1441145890;xvdc;1594.27;50627.47;0.53;31.76;0.39;0.25;0.10;16.47
ip-10-234-134-85.us-west-1.compute.internal;60;1441145890;xvdd;1607.58;50627.47;0.40;31.49;0.38;0.24;0.10;16.46
ip-10-234-134-85.us-west-1.compute.internal;60;1441145890;xvde;1604.15;50682.93;5.87;31.60;0.40;0.25;0.11;17.08
ip-10-234-134-85.us-west-1.compute.internal;60;1441145890;md0;6400.87;202621.07;6.80;31.66;0.00;0.00;0.00;0.00
ip-10-234-134-85.us-west-1.compute.internal;60;1441145950;xvda;0.82;0.00;16.80;20.57;0.00;1.04;0.16;0.01
ip-10-234-134-85.us-west-1.compute.internal;60;1441145950;xvdb;2724.52;43589.87;4.27;16.00;0.23;0.08;0.08;23.04
ip-10-234-134-85.us-west-1.compute.internal;60;1441145950;xvdc;2726.82;43627.73;0.00;16.00;0.23;0.08;0.08;23.05
ip-10-234-134-85.us-west-1.compute.internal;60;1441145950;xvdd;2724.02;43582.67;0.13;16.00;0.23;0.09;0.09;23.30
ip-10-234-134-85.us-west-1.compute.internal;60;1441145950;xvde;2720.05;43518.67;1.60;16.00;0.23;0.08;0.08;23.04
ip-10-234-134-85.us-west-1.compute.internal;60;1441145950;md0;10895.07;174318.93;6.00;16.00;0.00;0.00;0.00;0.00
ip-10-234-134-85.us-west-1.compute.internal;60;1441146010;xvda;0.77;5.73;13.86;25.57;0.00;0.91;0.22;0.02
ip-10-234-134-85.us-west-1.compute.internal;60;1441146010;xvdb;2807.87;44921.71;7.47;16.00;0.23;0.08;0.08;23.22
ip-10-234-134-85.us-west-1.compute.internal;60;1441146010;xvdc;2806.30;44897.98;0.53;16.00;0.23;0.08;0.08;23.08
ip-10-234-134-85.us-west-1.compute.internal;60;1441146010;xvdd;2814.71;45031.69;1.37;16.00;0.23;0.08;0.08;23.26
ip-10-234-134-85.us-west-1.compute.internal;60;1441146010;xvde;2807.02;44908.78;1.20;16.00;0.23;0.08;0.08;22.89
ip-10-234-134-85.us-west-1.compute.internal;60;1441146010;md0;11235.46;179760.17;10.56;16.00;0.00;0.00;0.00;0.00
ip-10-234-134-85.us-west-1.compute.internal;60;1441146070;xvda;0.72;0.00;15.72;21.93;0.00;0.58;0.14;0.01
ip-10-234-134-85.us-west-1.compute.internal;60;1441146070;xvdb;2782.63;44519.47;5.33;16.00;0.23;0.08;0.08;23.19
ip-10-234-134-85.us-west-1.compute.internal;60;1441146070;xvdc;2776.90;44429.07;0.00;16.00;0.23;0.08;0.08;23.22
ip-10-234-134-85.us-west-1.compute.internal;60;1441146070;xvdd;2774.75;44394.40;0.13;16.00;0.23;0.08;0.08;23.13
ip-10-234-134-85.us-west-1.compute.internal;60;1441146070;xvde;2778.03;44446.67;0.53;16.00;0.23;0.08;0.08;23.09
ip-10-234-134-85.us-west-1.compute.internal;60;1441146070;md0;11111.98;177789.60;6.00;16.00;0.00;0.00;0.00;0.00
ip-10-234-134-85.us-west-1.compute.internal;60;1441146130;xvda;0.65;1.47;14.07;23.90;0.00;0.77;0.15;0.01
ip-10-234-134-85.us-west-1.compute.internal;60;1441146130;xvdb;3817.65;99224.40;0.00;25.99;1.99;0.52;0.07;25.50
ip-10-234-134-85.us-west-1.compute.internal;60;1441146130;xvdc;3814.67;99248.67;5.33;26.02;2.04;0.54;0.07;25.90
ip-10-234-134-85.us-west-1.compute.internal;60;1441146130;xvdd;3814.27;99224.53;0.13;26.01;1.99;0.52;0.07;25.40
ip-10-234-134-85.us-west-1.compute.internal;60;1441146130;xvde;3828.23;99385.87;0.53;25.96;1.99;0.52;0.07;25.54
ip-10-234-134-85.us-west-1.compute.internal;60;1441146130;md0;15285.45;397083.47;6.00;25.98;0.00;0.00;0.00;0.00
ip-10-234-134-85.us-west-1.compute.internal;60;1441146190;xvda;0.38;0.00;12.17;31.74;0.00;1.00;0.30;0.01
ip-10-234-134-85.us-west-1.compute.internal;60;1441146190;xvdb;3759.23;98756.80;0.00;26.27;2.06;0.55;0.07;25.68
ip-10-234-134-85.us-west-1.compute.internal;60;1441146190;xvdc;3747.77;98752.27;5.33;26.35;2.10;0.56;0.07;25.68
ip-10-234-134-85.us-west-1.compute.internal;60;1441146190;xvdd;3741.58;98636.80;0.13;26.36;2.06;0.55;0.07;25.52
ip-10-234-134-85.us-west-1.compute.internal;60;1441146190;xvde;3748.28;98898.80;0.53;26.39;2.04;0.55;0.07;25.28
ip-10-234-134-85.us-west-1.compute.internal;60;1441146190;md0;15004.83;395085.47;6.00;26.33;0.00;0.00;0.00;0.00
ip-10-234-134-85.us-west-1.compute.internal;60;1441146250;xvda;0.68;9.47;12.22;31.73;0.00;0.85;0.22;0.01
ip-10-234-134-85.us-west-1.compute.internal;60;1441146250;xvdb;2558.12;75840.67;0.00;29.65;1.53;0.60;0.08;21.36
ip-10-234-134-85.us-west-1.compute.internal;60;1441146250;xvdc;2548.85;75772.93;6.13;29.73;1.55;0.61;0.08;21.47
ip-10-234-134-85.us-west-1.compute.internal;60;1441146250;xvdd;2547.73;75818.00;0.13;29.76;1.52;0.60;0.08;21.20
ip-10-234-134-85.us-west-1.compute.internal;60;1441146250;xvde;2556.33;75753.60;0.53;29.63;1.53;0.60;0.08;21.14
ip-10-234-134-85.us-west-1.compute.internal;60;1441146250;md0;10217.08;303144.13;6.80;29.67;0.00;0.00;0.00;0.00
ip-10-234-134-85.us-west-1.compute.internal;60;1441146310;xvda;0.78;0.13;15.73;20.26;0.00;0.94;0.19;0.01
ip-10-234-134-85.us-west-1.compute.internal;60;1441146310;xvdb;1021.88;78018.27;0.00;76.35;0.51;0.50;0.25;25.37
ip-10-234-134-85.us-west-1.compute.internal;60;1441146310;xvdc;1029.93;77933.20;2.13;75.67;0.51;0.49;0.25;25.24
ip-10-234-134-85.us-west-1.compute.internal;60;1441146310;xvdd;1030.98;77875.60;7.77;75.54;0.50;0.48;0.24;24.55
ip-10-234-134-85.us-west-1.compute.internal;60;1441146310;xvde;1032.95;77862.93;1.20;75.38;0.50;0.49;0.24;24.55
ip-10-234-134-85.us-west-1.compute.internal;60;1441146310;md0;4118.57;311690.27;11.10;75.68;0.00;0.00;0.00;0.00
ip-10-234-134-85.us-west-1.compute.internal;60;1441146370;xvda;0.80;0.00;16.18;20.23;0.00;1.02;0.19;0.01
ip-10-234-134-85.us-west-1.compute.internal;60;1441146370;xvdb;1689.00;56046.40;0.00;33.18;0.40;0.24;0.15;25.29
ip-10-234-134-85.us-west-1.compute.internal;60;1441146370;xvdc;1685.40;55994.40;0.00;33.22;0.41;0.24;0.15;25.09
ip-10-234-134-85.us-west-1.compute.internal;60;1441146370;xvdd;1678.57;55948.27;5.47;33.33;0.38;0.23;0.15;24.52
ip-10-234-134-85.us-west-1.compute.internal;60;1441146370;xvde;1677.15;56030.40;0.53;33.41;0.37;0.22;0.15;24.43
ip-10-234-134-85.us-west-1.compute.internal;60;1441146370;md0;6729.78;224019.47;6.00;33.29;0.00;0.00;0.00;0.00
ip-10-234-134-85.us-west-1.compute.internal;60;1441146430;xvda;1.23;21.60;12.17;27.38;0.00;1.18;0.19;0.02
ip-10-234-134-85.us-west-1.compute.internal;60;1441146430;xvdb;2638.07;65649.07;0.00;24.89;0.38;0.15;0.10;26.82
ip-10-234-134-85.us-west-1.compute.internal;60;1441146430;xvdc;2651.57;65628.80;0.00;24.75;0.40;0.15;0.10;26.72
ip-10-234-134-85.us-west-1.compute.internal;60;1441146430;xvdd;2635.37;65606.00;6.00;24.90;0.37;0.14;0.10;26.02
ip-10-234-134-85.us-west-1.compute.internal;60;1441146430;xvde;2640.52;65628.27;0.67;24.85;0.37;0.14;0.10;26.10
ip-10-234-134-85.us-west-1.compute.internal;60;1441146430;md0;10565.18;262512.13;6.67;24.85;0.00;0.00;0.00;0.00
ip-10-234-134-85.us-west-1.compute.internal;60;1441146490;xvda;0.38;0.00;12.17;31.74;0.00;0.87;0.17;0.01
ip-10-234-134-85.us-west-1.compute.internal;60;1441146490;xvdb;2636.30;64436.93;0.00;24.44;0.41;0.15;0.10;27.11
ip-10-234-134-85.us-west-1.compute.internal;60;1441146490;xvdc;2654.02;64475.60;0.00;24.29;0.44;0.16;0.10;27.56
ip-10-234-134-85.us-west-1.compute.internal;60;1441146490;xvdd;2640.50;64496.67;0.67;24.43;0.41;0.15;0.10;27.04
ip-10-234-134-85.us-west-1.compute.internal;60;1441146490;xvde;2635.70;64420.53;6.00;24.44;0.41;0.15;0.10;27.12
ip-10-234-134-85.us-west-1.compute.internal;60;1441146490;md0;10569.18;257830.80;6.67;24.40;0.00;0.00;0.00;0.00
ip-10-234-134-85.us-west-1.compute.internal;60;1441146550;xvda;0.55;2.67;12.73;28.00;0.00;0.91;0.27;0.01
ip-10-234-134-85.us-west-1.compute.internal;60;1441146550;xvdb;620.68;34941.47;0.00;56.30;0.24;0.38;0.16;9.65
ip-10-234-134-85.us-west-1.compute.internal;60;1441146550;xvdc;616.75;34954.93;0.53;56.68;0.23;0.37;0.16;9.82
ip-10-234-134-85.us-west-1.compute.internal;60;1441146550;xvdd;614.37;34982.13;0.93;56.94;0.22;0.35;0.15;9.43
ip-10-234-134-85.us-west-1.compute.internal;60;1441146550;xvde;625.93;34964.13;6.00;55.87;0.23;0.37;0.15;9.54
ip-10-234-134-85.us-west-1.compute.internal;60;1441146550;md0;2477.38;139841.33;7.47;56.45;0.00;0.00;0.00;0.00
ip-10-234-134-85.us-west-1.compute.internal;60;1441146610;xvda;4.37;246.40;19.00;60.78;0.00;1.05;0.55;0.24
ip-10-234-134-85.us-west-1.compute.internal;60;1441146610;xvdb;42.93;10908.27;1.07;254.10;0.06;1.40;0.45;1.95
ip-10-234-134-85.us-west-1.compute.internal;60;1441146610;xvdc;44.68;10904.00;0.53;244.04;0.06;1.31;0.41;1.85
ip-10-234-134-85.us-west-1.compute.internal;60;1441146610;xvdd;42.98;10907.73;1.90;253.81;0.06;1.30;0.43;1.84
ip-10-234-134-85.us-west-1.compute.internal;60;1441146610;xvde;51.95;10911.73;7.73;210.19;0.07;1.27;0.37;1.93
ip-10-234-134-85.us-west-1.compute.internal;60;1441146610;md0;182.12;43631.73;11.23;239.64;0.00;0.00;0.00;0.00
ip-10-234-134-85.us-west-1.compute.internal;60;1441146670;xvda;0.82;1.87;15.77;21.59;0.00;0.76;0.22;0.02
ip-10-234-134-85.us-west-1.compute.internal;60;1441146670;xvdb;950.72;14968.40;5.33;15.75;0.13;0.13;0.13;12.77
ip-10-234-134-85.us-west-1.compute.internal;60;1441146670;xvdc;950.22;14953.47;0.00;15.74;0.13;0.13;0.13;12.82
ip-10-234-134-85.us-west-1.compute.internal;60;1441146670;xvdd;956.15;15051.73;0.67;15.74;0.13;0.13;0.13;12.69
ip-10-234-134-85.us-west-1.compute.internal;60;1441146670;xvde;945.65;14888.53;0.67;15.74;0.13;0.14;0.14;12.83
ip-10-234-134-85.us-west-1.compute.internal;60;1441146670;md0;3802.42;59862.40;6.67;15.75;0.00;0.00;0.00;0.00
ip-10-234-134-85.us-west-1.compute.internal;60;1441146730;xvda;0.83;62.13;14.18;91.58;0.00;1.00;0.52;0.04
ip-10-234-134-85.us-west-1.compute.internal;60;1441146730;xvdb;1692.98;26611.73;5.33;15.72;0.23;0.14;0.14;23.28
ip-10-234-134-85.us-west-1.compute.internal;60;1441146730;xvdc;1691.15;26558.13;0.00;15.70;0.23;0.14;0.14;22.96
ip-10-234-134-85.us-west-1.compute.internal;60;1441146730;xvdd;1695.98;26646.93;0.67;15.71;0.23;0.14;0.14;23.00
ip-10-234-134-85.us-west-1.compute.internal;60;1441146730;xvde;1684.67;26478.27;0.67;15.72;0.23;0.14;0.14;23.03
ip-10-234-134-85.us-west-1.compute.internal;60;1441146730;md0;6764.45;106295.07;6.67;15.71;0.00;0.00;0.00;0.00
ip-10-234-134-85.us-west-1.compute.internal;60;1441146790;xvda;0.93;32.80;13.25;49.34;0.00;0.88;0.39;0.04
ip-10-234-134-85.us-west-1.compute.internal;60;1441146790;xvdb;1688.73;26754.40;5.33;15.85;0.23;0.14;0.14;23.34
ip-10-234-134-85.us-west-1.compute.internal;60;1441146790;xvdc;1680.98;26641.87;0.00;15.85;0.23;0.14;0.14;23.04
ip-10-234-134-85.us-west-1.compute.internal;60;1441146790;xvdd;1684.55;26701.47;0.67;15.85;0.23;0.14;0.14;23.19
ip-10-234-134-85.us-west-1.compute.internal;60;1441146790;xvde;1685.30;26712.53;0.67;15.85;0.23;0.14;0.14;23.10
ip-10-234-134-85.us-west-1.compute.internal;60;1441146790;md0;6739.22;106810.00;6.67;15.85;0.00;0.00;0.00;0.00
ip-10-234-134-85.us-west-1.compute.internal;60;1441146850;xvda;0.45;0.00;12.73;28.30;0.00;0.74;0.15;0.01
ip-10-234-134-85.us-west-1.compute.internal;60;1441146850;xvdb;1805.38;27963.47;0.00;15.49;0.23;0.13;0.13;23.49
ip-10-234-134-85.us-west-1.compute.internal;60;1441146850;xvdc;1792.45;27741.33;5.33;15.48;0.23;0.13;0.13;23.19
ip-10-234-134-85.us-west-1.compute.internal;60;1441146850;xvdd;1802.03;27890.40;0.67;15.48;0.24;0.13;0.13;23.50
ip-10-234-134-85.us-west-1.compute.internal;60;1441146850;xvde;1802.65;27883.07;0.67;15.47;0.23;0.13;0.13;23.15
ip-10-234-134-85.us-west-1.compute.internal;60;1441146850;md0;7202.20;111478.53;6.67;15.48;0.00;0.00;0.00;0.00
ip-10-234-134-85.us-west-1.compute.internal;60;1441146910;xvda;0.63;0.00;14.28;22.55;0.00;0.95;0.18;0.01
ip-10-234-134-85.us-west-1.compute.internal;60;1441146910;xvdb;1734.30;27444.53;0.00;15.82;0.23;0.13;0.13;22.73
ip-10-234-134-85.us-west-1.compute.internal;60;1441146910;xvdc;1725.62;27297.87;5.33;15.82;0.23;0.13;0.13;22.67
ip-10-234-134-85.us-west-1.compute.internal;60;1441146910;xvdd;1724.57;27299.60;0.67;15.83;0.23;0.13;0.13;22.75
ip-10-234-134-85.us-west-1.compute.internal;60;1441146910;xvde;1724.22;27285.33;0.67;15.83;0.23;0.14;0.14;23.31
ip-10-234-134-85.us-west-1.compute.internal;60;1441146910;md0;6908.37;109327.33;6.67;15.83;0.00;0.00;0.00;0.00
ip-10-234-134-85.us-west-1.compute.internal;60;1441146970;xvda;0.93;4.93;15.08;21.45;0.00;0.89;0.21;0.02
ip-10-234-134-85.us-west-1.compute.internal;60;1441146970;xvdb;1775.25;28078.53;0.00;15.82;0.23;0.13;0.13;22.52
ip-10-234-134-85.us-west-1.compute.internal;60;1441146970;xvdc;1774.12;28048.80;5.33;15.81;0.23;0.13;0.13;22.59
ip-10-234-134-85.us-west-1.compute.internal;60;1441146970;xvdd;1770.98;27996.93;0.67;15.81;0.23;0.13;0.13;22.73
ip-10-234-134-85.us-west-1.compute.internal;60;1441146970;xvde;1776.42;28083.73;0.67;15.81;0.24;0.13;0.13;23.69
ip-10-234-134-85.us-west-1.compute.internal;60;1441146970;md0;7096.43;112208.00;6.67;15.81;0.00;0.00;0.00;0.00
ip-10-234-134-85.us-west-1.compute.internal;60;1441147030;xvda;0.45;0.00;12.30;27.33;0.00;0.78;0.19;0.01
ip-10-234-134-85.us-west-1.compute.internal;60;1441147030;xvdb;1729.35;26928.53;0.00;15.57;0.23;0.13;0.13;22.77
ip-10-234-134-85.us-west-1.compute.internal;60;1441147030;xvdc;1729.60;26907.33;1.07;15.56;0.22;0.13;0.13;22.49
ip-10-234-134-85.us-west-1.compute.internal;60;1441147030;xvdd;1732.45;26954.80;3.87;15.56;0.23;0.13;0.13;22.68
ip-10-234-134-85.us-west-1.compute.internal;60;1441147030;xvde;1728.88;26913.33;0.40;15.57;0.22;0.13;0.13;22.38
ip-10-234-134-85.us-west-1.compute.internal;60;1441147030;md0;6920.02;107704.00;5.33;15.56;0.00;0.00;0.00;0.00
ip-10-234-134-85.us-west-1.compute.internal;60;1441147090;xvda;0.40;0.00;12.55;31.38;0.00;0.75;0.17;0.01
ip-10-234-134-85.us-west-1.compute.internal;60;1441147090;xvdb;2057.12;32510.40;0.00;15.80;0.23;0.11;0.11;23.28
ip-10-234-134-85.us-west-1.compute.internal;60;1441147090;xvdc;2067.92;32697.20;0.00;15.81;0.23;0.11;0.11;23.47
ip-10-234-134-85.us-west-1.compute.internal;60;1441147090;xvdd;2075.53;32807.47;6.00;15.81;0.24;0.11;0.11;23.59
ip-10-234-134-85.us-west-1.compute.internal;60;1441147090;xvde;2064.00;32621.47;0.67;15.81;0.24;0.11;0.11;23.58
ip-10-234-134-85.us-west-1.compute.internal;60;1441147090;md0;8264.23;130636.53;6.67;15.81;0.00;0.00;0.00;0.00
ip-10-234-134-85.us-west-1.compute.internal;60;1441147150;xvda;0.40;0.00;12.55;31.38;0.00;0.83;0.17;0.01
ip-10-234-134-85.us-west-1.compute.internal;60;1441147150;xvdb;1732.87;27530.13;0.00;15.89;0.23;0.13;0.13;22.48
ip-10-234-134-85.us-west-1.compute.internal;60;1441147150;xvdc;1718.68;27303.33;0.00;15.89;0.23;0.13;0.13;22.60
ip-10-234-134-85.us-west-1.compute.internal;60;1441147150;xvdd;1723.58;27396.93;6.00;15.90;0.23;0.13;0.13;22.74
ip-10-234-134-85.us-west-1.compute.internal;60;1441147150;xvde;1726.92;27436.13;0.67;15.89;0.23;0.13;0.13;22.57
ip-10-234-134-85.us-west-1.compute.internal;60;1441147150;md0;6901.72;109666.53;6.67;15.89;0.00;0.00;0.00;0.00
ip-10-234-134-85.us-west-1.compute.internal;60;1441147210;xvda;1.42;25.07;13.10;26.94;0.00;0.74;0.33;0.05
ip-10-234-134-85.us-west-1.compute.internal;60;1441147210;xvdb;2066.03;38809.33;0.00;18.78;0.42;0.21;0.10;21.21
ip-10-234-134-85.us-west-1.compute.internal;60;1441147210;xvdc;2066.32;38856.13;0.80;18.80;0.43;0.21;0.10;21.22
ip-10-234-134-85.us-west-1.compute.internal;60;1441147210;xvdd;2064.20;38736.27;4.13;18.77;0.42;0.21;0.11;21.68
ip-10-234-134-85.us-west-1.compute.internal;60;1441147210;xvde;2065.97;38772.40;6.40;18.77;0.42;0.20;0.10;21.17
ip-10-234-134-85.us-west-1.compute.internal;60;1441147210;md0;8265.55;155174.67;11.33;18.78;0.00;0.00;0.00;0.00
ip-10-234-134-85.us-west-1.compute.internal;60;1441147270;xvda;0.98;0.00;17.93;18.24;0.00;1.10;0.15;0.01
ip-10-234-134-85.us-west-1.compute.internal;60;1441147270;xvdb;2997.70;78056.67;0.00;26.04;1.48;0.49;0.07;22.02
ip-10-234-134-85.us-west-1.compute.internal;60;1441147270;xvdc;2991.10;78036.80;0.27;26.09;1.53;0.51;0.07;22.08
ip-10-234-134-85.us-west-1.compute.internal;60;1441147270;xvdd;2988.33;77833.33;1.20;26.05;1.49;0.50;0.07;22.22
ip-10-234-134-85.us-west-1.compute.internal;60;1441147270;xvde;2977.60;77748.80;5.20;26.11;1.45;0.49;0.07;21.90
ip-10-234-134-85.us-west-1.compute.internal;60;1441147270;md0;11968.90;311675.20;6.67;26.04;0.00;0.00;0.00;0.00
ip-10-234-134-85.us-west-1.compute.internal;60;1441147330;xvda;0.70;0.00;15.65;22.36;0.00;0.88;0.17;0.01
ip-10-234-134-85.us-west-1.compute.internal;60;1441147330;xvdb;3043.32;93333.47;0.00;30.67;1.74;0.57;0.08;23.14
ip-10-234-134-85.us-west-1.compute.internal;60;1441147330;xvdc;3032.47;93392.40;0.00;30.80;1.77;0.58;0.08;23.42
ip-10-234-134-85.us-west-1.compute.internal;60;1441147330;xvdd;3045.98;93675.47;0.67;30.75;1.76;0.58;0.08;23.23
ip-10-234-134-85.us-west-1.compute.internal;60;1441147330;xvde;3050.78;93780.40;6.00;30.74;1.73;0.57;0.08;23.01
ip-10-234-134-85.us-west-1.compute.internal;60;1441147330;md0;12184.93;374181.47;6.67;30.71;0.00;0.00;0.00;0.00
ip-10-234-134-85.us-west-1.compute.internal;60;1441147390;xvda;4.57;130.27;13.35;31.45;0.00;0.95;0.24;0.11
ip-10-234-134-85.us-west-1.compute.internal;60;1441147390;xvdb;1855.60;101178.27;1061.33;55.10;1.66;0.90;0.10;18.46
ip-10-234-134-85.us-west-1.compute.internal;60;1441147390;xvdc;1859.00;101082.53;1063.20;54.95;1.65;0.89;0.10;18.37
ip-10-234-134-85.us-west-1.compute.internal;60;1441147390;xvdd;1853.30;101169.20;1065.47;55.16;1.66;0.90;0.10;18.34
ip-10-234-134-85.us-west-1.compute.internal;60;1441147390;xvde;1857.62;101083.20;1060.93;54.99;1.66;0.89;0.10;18.26
ip-10-234-134-85.us-west-1.compute.internal;60;1441147390;md0;7463.77;404513.07;4250.93;54.77;0.00;0.00;0.00;0.00
ip-10-234-134-85.us-west-1.compute.internal;60;1441147450;xvda;0.65;0.00;15.33;23.59;0.00;0.95;0.23;0.01
ip-10-234-134-85.us-west-1.compute.internal;60;1441147450;xvdb;29.90;465.33;57.48;17.49;0.01;0.24;0.22;0.65
ip-10-234-134-85.us-west-1.compute.internal;60;1441147450;xvdc;27.62;429.20;85.87;18.65;0.01;0.27;0.23;0.65
ip-10-234-134-85.us-west-1.compute.internal;60;1441147450;xvdd;28.48;443.60;86.67;18.62;0.01;0.26;0.22;0.62
ip-10-234-134-85.us-west-1.compute.internal;60;1441147450;xvde;28.65;446.93;67.07;17.94;0.01;0.26;0.23;0.67
ip-10-234-134-85.us-west-1.compute.internal;60;1441147450;md0;114.47;1785.07;297.08;18.19;0.00;0.00;0.00;0.00
ip-10-234-134-85.us-west-1.compute.internal;60;1441147510;xvda;0.67;0.13;14.85;22.48;0.00;0.95;0.20;0.01
ip-10-234-134-85.us-west-1.compute.internal;60;1441147510;xvdb;6.67;99.20;8.82;16.20;0.00;0.24;0.24;0.16
ip-10-234-134-85.us-west-1.compute.internal;60;1441147510;xvdc;6.23;95.47;0.27;15.36;0.00;0.26;0.26;0.16
ip-10-234-134-85.us-west-1.compute.internal;60;1441147510;xvdd;6.28;96.67;0.40;15.45;0.00;0.26;0.26;0.16
ip-10-234-134-85.us-west-1.compute.internal;60;1441147510;xvde;6.15;92.93;1.07;15.28;0.00;0.25;0.24;0.15
ip-10-234-134-85.us-west-1.compute.internal;60;1441147510;md0;24.85;384.27;10.55;15.89;0.00;0.00;0.00;0.00
ip-10-234-134-85.us-west-1.compute.internal;60;1441147570;xvda;3.72;106.00;18.15;33.40;0.00;0.82;0.37;0.14
ip-10-234-134-85.us-west-1.compute.internal;60;1441147570;xvdb;330.27;29641.47;571.75;91.48;0.33;1.01;0.17;5.72
ip-10-234-134-85.us-west-1.compute.internal;60;1441147570;xvdc;332.35;29585.07;562.93;90.71;0.32;0.97;0.17;5.58
ip-10-234-134-85.us-west-1.compute.internal;60;1441147570;xvdd;327.20;29726.67;576.13;92.61;0.31;0.94;0.17;5.48
ip-10-234-134-85.us-west-1.compute.internal;60;1441147570;xvde;330.08;29614.40;582.67;91.48;0.32;0.97;0.17;5.69
ip-10-234-134-85.us-west-1.compute.internal;60;1441147570;md0;1338.10;118567.60;2293.48;90.32;0.00;0.00;0.00;0.00
